{"cameraMode":{"drawMode":0,"name":"Shaded","section":"Shading Mode"},"sceneLighting":true,"audioPlay":false,"sceneViewState":{"m_AlwaysRefresh":false,"showFog":true,"showSkybox":true,"showFlares":true,"showImageEffects":true,"showParticleSystems":true,"showVisualEffectGraphs":true,"m_FxEnabled":true},"in2DMode":false,"pivot":{"x":63.09098815917969,"y":-129.48031616210938,"z":113.53044128417969},"rotation":{"x":0.39601317048072817,"y":0.23000037670135499,"z":-0.1029658392071724,"w":0.883121907711029},"size":108.99870300292969,"orthographic":false}